,ID,age,studytime,failures,famrel,freetime,goout,Dalc,Walc,health,absences,G3,school_MS,sex_M,famsize_LE3,activities_yes,higher_yes,internet_yes,romantic_yes
0,1,16,2,0,4,3,2,1,1,3,0,18,0,1,0,1,1,1,1
1,3,17,3,0,4,2,2,2,3,5,10,11,0,0,0,0,1,1,1
2,5,15,2,0,4,5,2,1,1,5,0,16,0,1,0,1,1,1,1
3,6,19,1,1,4,4,4,3,3,5,4,10,1,1,0,0,1,1,0
4,7,15,2,0,5,4,2,3,4,5,0,11,0,1,0,0,1,1,0
5,8,15,1,0,5,3,4,4,4,1,0,13,0,0,1,0,1,1,0
6,9,17,2,0,4,4,4,4,4,4,4,9,0,1,1,1,1,1,0
7,10,15,2,0,4,3,3,2,3,5,0,11,0,1,0,1,1,1,0
8,11,16,2,0,4,3,5,2,4,4,0,11,0,1,0,0,0,1,0
9,12,17,2,0,1,2,3,1,2,5,0,15,1,0,1,0,1,0,1
10,13,18,2,0,4,3,5,1,1,1,2,14,1,0,0,1,1,1,0
11,14,15,1,0,5,5,3,1,1,4,4,14,0,1,1,1,1,1,0
12,15,15,3,0,4,5,2,1,1,3,0,16,0,1,0,0,1,1,1
13,19,16,2,0,3,4,2,1,1,5,2,9,0,1,1,0,1,1,0
14,20,18,2,0,3,2,3,1,1,5,4,13,0,0,0,0,1,0,0
15,21,15,2,0,4,4,2,3,3,2,0,9,1,0,0,0,1,1,0
16,22,17,1,0,4,2,3,3,4,4,4,14,1,1,0,0,0,0,0
17,23,17,2,0,3,2,2,1,2,3,0,13,1,0,0,0,1,0,0
18,24,16,2,0,5,3,4,1,1,2,8,10,0,0,0,1,1,1,1
19,26,17,1,0,5,5,1,1,1,3,0,10,1,0,1,0,1,1,0
20,27,18,1,1,3,2,5,2,5,5,4,8,0,1,0,0,0,1,0
21,28,15,2,0,5,4,3,1,2,3,2,11,0,1,0,0,1,1,0
22,30,18,2,0,4,3,5,1,2,1,0,18,1,0,0,1,1,1,0
23,31,16,3,0,4,4,3,1,1,4,0,17,0,1,0,1,1,1,1
24,32,17,2,0,1,2,3,1,2,5,2,11,1,0,1,0,1,0,1
25,33,16,3,0,5,3,5,1,4,5,1,12,1,0,0,0,1,1,1
26,34,18,2,1,5,4,3,1,1,5,12,13,0,0,1,0,1,1,1
27,35,18,2,0,4,3,3,1,1,2,0,12,0,0,1,1,1,1,1
28,38,17,2,0,4,2,1,1,1,3,2,14,0,0,0,1,1,1,1
29,39,17,1,0,4,4,3,1,1,4,0,13,1,0,0,0,1,1,0
30,40,18,2,0,3,2,4,1,4,2,4,19,1,1,0,1,1,1,0
31,41,17,1,0,3,3,3,1,4,3,3,8,0,0,0,0,1,0,0
32,42,15,1,0,5,3,4,4,4,1,6,13,0,0,1,0,1,1,0
33,43,18,1,0,4,1,4,5,5,1,8,11,1,1,1,0,1,0,0
34,44,15,4,0,1,3,3,5,5,3,4,12,0,1,0,1,1,1,1
35,45,17,3,0,4,3,3,1,1,4,0,13,0,0,0,1,1,1,0
36,46,17,3,0,3,3,2,2,2,3,0,10,0,0,1,1,1,1,0
37,47,17,3,0,4,3,3,1,1,1,2,15,0,1,0,0,1,1,1
38,48,19,3,1,5,4,2,1,2,5,0,0,1,0,0,1,1,1,0
39,49,17,2,0,5,3,3,1,1,5,0,13,0,0,1,0,1,1,0
40,50,17,1,0,4,4,3,1,3,5,0,15,0,1,0,0,1,1,0
41,51,19,1,1,4,3,2,1,3,5,0,0,1,1,0,0,1,0,0
42,52,15,1,0,4,3,1,1,1,2,8,13,0,0,0,1,1,0,0
43,53,20,1,2,5,5,3,1,1,5,0,15,0,1,0,1,1,0,0
44,55,18,1,0,4,3,3,2,3,3,3,12,1,1,1,1,0,1,1
45,56,17,1,0,5,5,5,1,3,3,2,12,1,0,0,0,1,1,0
46,57,15,1,0,5,4,2,1,1,5,0,15,0,1,0,0,1,1,0
47,58,20,1,1,5,3,1,1,1,5,5,10,0,0,0,0,1,1,1
48,59,16,2,0,4,4,4,1,1,5,0,12,1,0,0,1,1,1,0
49,60,18,3,0,5,3,2,1,1,3,1,12,0,1,0,1,1,0,0
50,61,21,1,3,5,5,3,3,3,3,3,7,1,1,0,0,1,0,0
51,62,15,1,3,4,5,5,2,5,5,0,10,0,1,1,0,1,1,0
52,63,18,2,0,4,4,3,1,2,4,0,14,1,0,1,0,1,1,0
53,64,18,2,0,5,4,3,3,4,2,4,10,1,0,1,1,1,1,0
54,65,15,2,2,3,3,4,2,4,5,2,5,0,0,0,0,1,1,1
55,66,16,2,1,4,3,3,2,2,5,14,9,0,0,1,1,1,1,0
56,68,18,4,0,5,3,3,1,1,1,4,15,0,0,1,0,1,1,0
57,69,18,2,0,3,3,4,2,4,3,0,9,1,1,0,0,1,0,0
58,70,16,1,0,4,3,3,1,1,4,6,18,0,1,0,0,1,1,0
59,71,16,2,0,4,2,3,1,1,5,2,16,0,0,0,0,1,1,0
60,72,16,1,0,4,2,2,4,3,2,0,14,1,0,0,1,1,1,1
61,73,15,1,1,5,5,5,3,4,5,6,10,0,1,1,0,1,0,0
62,74,16,2,0,3,3,3,1,1,2,0,10,1,0,0,1,1,1,0
63,75,18,2,1,4,3,3,2,2,2,0,0,0,1,0,1,1,1,0
64,76,17,4,0,5,2,2,1,2,5,0,18,0,0,0,1,1,1,0
65,77,16,4,0,4,2,2,1,1,2,2,17,0,1,0,1,1,1,0
66,78,16,2,0,4,4,3,1,3,4,4,12,0,0,0,1,1,0,0
67,79,15,2,0,5,4,3,1,2,4,0,10,1,0,1,0,1,1,0
68,80,17,4,0,5,2,2,1,2,5,0,18,0,0,0,1,1,1,0
69,81,15,2,0,5,3,2,1,1,1,0,11,0,0,1,1,1,1,1
70,82,16,1,2,4,4,5,3,5,5,0,10,0,1,1,0,1,1,0
71,84,15,3,0,5,2,2,1,1,4,0,13,0,0,0,1,1,1,0
72,87,15,2,0,1,3,2,2,3,1,24,9,0,0,0,0,1,0,1
73,89,17,2,0,4,4,5,1,1,4,1,10,1,0,0,0,1,1,1
74,90,15,2,0,4,5,2,1,1,5,0,15,0,1,0,1,1,1,1
75,91,15,3,0,5,4,3,1,1,4,2,18,0,1,1,1,1,1,0
76,92,17,2,0,4,4,3,1,1,3,4,16,1,1,0,1,1,1,0
77,93,17,1,0,5,3,2,1,2,3,21,13,0,0,0,0,1,1,0
78,94,16,3,0,5,3,3,1,3,2,0,12,0,1,0,1,1,1,1
79,95,17,4,1,5,4,5,3,4,5,0,10,1,1,0,1,1,0,0
80,96,17,3,0,3,3,3,2,3,2,0,15,0,0,1,0,1,1,0
81,97,15,3,0,4,3,3,1,1,5,0,0,0,0,0,1,1,1,1
82,98,17,3,0,4,3,3,1,1,3,0,14,0,0,0,0,1,1,0
83,100,18,1,0,5,2,3,1,2,4,0,10,1,0,0,0,1,1,1
84,102,16,2,0,3,4,5,1,2,1,1,11,1,0,0,0,0,1,0
85,103,16,2,0,4,1,3,3,5,5,18,7,0,1,1,0,1,0,0
86,105,16,1,0,4,3,3,1,3,5,11,11,1,0,0,0,0,1,1
87,107,18,3,0,4,4,3,2,3,3,4,14,0,0,1,0,1,0,0
88,108,18,1,0,4,3,3,2,3,3,0,9,1,1,1,0,0,1,1
89,110,17,3,0,4,3,3,1,1,3,0,16,0,0,0,0,1,1,0
90,111,17,2,0,4,3,3,1,1,1,6,16,0,0,0,0,1,1,1
91,112,18,2,0,4,4,4,1,3,3,11,12,0,1,1,1,0,1,0
92,113,16,2,0,4,4,3,1,1,1,4,9,0,0,1,1,1,1,0
93,114,18,1,0,4,2,3,1,2,1,0,10,0,1,1,1,1,1,0
94,115,15,2,0,4,1,3,1,3,4,2,8,0,0,1,0,1,1,0
95,117,17,1,3,3,3,3,1,3,5,2,8,1,1,0,1,1,1,1
96,118,17,1,0,5,3,2,1,2,3,18,6,0,0,0,0,1,1,0
97,120,16,2,0,2,3,3,2,2,4,2,12,0,0,0,0,1,1,0
98,121,18,1,0,5,4,4,3,4,2,8,10,1,0,0,0,1,1,0
99,122,16,4,0,1,2,1,1,1,1,4,11,1,0,1,1,0,0,1
100,123,16,3,0,5,3,3,1,1,5,4,14,0,1,0,1,1,1,0
101,124,16,2,0,5,2,1,1,1,2,0,0,1,1,0,1,1,1,0
102,125,16,1,0,4,3,2,2,4,5,0,11,0,1,0,0,1,1,0
103,126,17,2,0,2,3,4,1,1,1,0,15,1,0,1,1,1,1,1
104,127,16,2,0,2,3,5,1,4,3,6,13,0,0,1,0,1,1,0
105,129,18,3,0,5,3,3,1,3,4,0,15,1,0,0,0,1,0,0
106,130,17,2,1,5,2,4,1,4,5,20,8,0,1,0,1,1,1,0
107,131,18,3,0,5,4,3,2,3,1,7,14,0,0,0,0,1,1,1
108,132,15,1,0,5,5,5,3,2,5,0,12,0,1,0,0,1,1,0
109,134,15,1,0,4,2,2,1,2,5,2,11,0,1,0,0,1,1,0
110,135,15,3,0,4,2,1,2,3,3,2,13,0,0,0,1,1,1,1
111,137,17,2,0,4,3,3,1,2,5,4,13,1,0,0,1,1,1,0
112,138,15,1,0,1,5,1,3,5,5,0,14,1,0,0,0,1,1,1
113,139,16,1,0,3,4,4,3,3,1,2,13,0,0,1,0,1,1,0
114,141,18,3,0,5,4,5,1,4,3,0,13,1,0,1,0,1,1,1
115,142,15,1,0,3,5,2,1,1,3,10,19,0,1,1,0,1,1,0
116,143,16,1,0,4,5,5,5,5,4,14,5,0,1,0,1,1,1,0
117,144,16,2,3,4,3,5,1,1,3,0,0,0,0,0,1,1,1,1
118,145,15,4,0,3,4,3,1,1,1,8,10,0,1,0,1,1,1,0
119,146,16,1,0,3,3,2,1,3,3,2,12,0,1,0,1,1,0,0
120,148,18,2,1,4,3,3,1,3,5,8,5,0,1,1,0,1,1,1
121,149,16,2,0,5,3,2,1,3,2,5,11,1,1,1,0,1,0,0
122,150,16,2,0,5,3,3,1,1,1,0,10,0,0,0,1,1,1,0
123,151,16,1,0,3,4,4,1,4,5,18,13,0,1,0,1,1,1,0
124,152,16,1,1,4,4,4,3,5,5,6,10,0,1,1,1,1,0,1
125,153,16,2,0,4,3,2,1,1,3,2,16,0,1,0,1,1,1,1
126,154,15,2,0,4,3,3,1,1,5,2,13,0,0,1,0,1,1,0
127,156,18,1,0,4,2,3,1,2,1,8,10,0,1,1,1,1,1,0
128,157,16,2,0,5,3,3,1,1,1,2,14,0,0,0,1,1,1,0
129,158,17,3,0,4,3,3,1,1,3,6,12,0,0,0,0,1,1,0
130,159,16,1,0,4,1,2,2,5,5,0,12,1,1,1,0,1,1,0
131,161,16,1,0,5,5,5,5,5,5,6,11,0,0,0,1,1,1,1
132,163,15,1,0,3,3,4,2,3,5,0,12,0,0,0,0,1,1,0
133,164,17,1,0,4,4,4,1,1,5,2,17,0,0,0,1,1,1,0
134,166,18,2,1,5,3,3,1,1,4,16,7,0,0,0,1,1,1,1
135,167,16,2,0,5,4,5,4,5,3,0,0,1,1,0,1,1,0,1
136,168,17,3,0,4,4,2,1,1,4,0,12,0,0,0,1,1,1,1
137,169,15,3,0,4,2,2,1,1,5,2,13,0,0,0,1,1,1,0
138,170,17,2,0,4,3,2,1,1,5,0,15,0,0,1,1,1,1,1
139,171,18,1,0,5,4,4,1,1,1,4,14,0,0,0,1,1,1,1
140,172,16,1,0,4,5,5,2,4,5,0,9,1,1,1,1,1,1,0
141,173,17,2,0,4,3,5,2,4,4,4,16,0,0,0,1,1,1,0
142,174,18,2,0,3,1,2,1,3,2,2,15,0,0,0,0,1,1,1
143,176,15,4,0,3,3,3,1,1,3,0,10,0,1,0,0,1,1,0
144,179,17,2,0,3,1,3,1,5,3,4,10,0,1,0,0,1,0,0
145,180,19,2,0,4,5,3,1,2,5,0,11,0,1,0,1,1,0,1
146,181,15,1,0,5,4,1,1,1,1,0,10,0,1,0,0,1,1,0
147,183,15,4,0,4,3,4,1,1,4,2,12,0,1,1,1,1,1,0
148,184,15,2,0,4,3,3,2,2,5,4,13,0,1,0,0,1,0,0
149,185,16,2,0,4,3,3,1,1,5,0,11,1,1,0,0,1,0,0
150,186,17,3,0,4,2,2,1,2,3,0,15,0,0,0,0,1,1,0
151,187,15,2,0,5,3,4,1,2,2,0,14,1,1,1,1,1,1,0
152,188,18,2,0,1,3,1,1,1,2,4,10,1,0,0,0,1,1,1
153,190,17,1,0,4,5,5,1,3,2,0,10,1,1,0,1,1,1,1
154,192,17,2,0,4,3,3,1,2,5,2,12,1,0,0,1,1,1,0
155,195,16,2,0,4,4,2,1,1,3,0,17,0,0,0,0,1,1,1
156,197,16,2,0,4,5,2,1,2,5,0,17,1,0,0,0,1,0,0
157,199,17,1,1,5,2,1,1,2,1,0,9,1,0,0,0,1,1,1
158,200,18,2,0,3,3,4,2,4,3,4,10,1,1,0,0,1,0,0
159,201,18,2,0,4,1,4,1,1,3,8,14,0,0,0,0,1,1,0
160,204,15,4,0,2,2,2,1,1,3,0,0,0,1,0,0,1,1,0
161,205,16,1,0,4,5,5,5,5,4,12,8,0,1,0,1,1,1,0
162,206,17,2,1,3,3,1,1,2,4,0,0,0,0,0,0,1,1,1
163,207,15,4,0,5,1,2,1,1,3,8,8,0,0,0,0,1,1,0
164,208,16,2,0,4,2,1,1,1,2,2,8,1,0,1,0,1,0,0
165,209,18,2,0,5,3,4,1,1,4,8,12,0,0,0,1,1,1,0
166,210,17,1,0,3,5,5,1,3,1,4,9,1,0,0,1,1,1,0
167,211,18,1,1,4,4,3,3,4,4,0,10,1,1,0,1,0,1,0
168,212,16,4,0,4,2,2,1,1,2,4,20,0,1,0,1,1,1,0
169,213,19,1,0,5,3,4,2,2,5,0,10,0,1,0,0,1,0,1
170,214,18,4,0,4,4,4,1,1,4,0,0,0,0,0,1,1,0,0
171,215,18,3,0,4,2,1,1,1,4,5,15,1,0,0,0,1,1,1
172,218,19,1,0,1,4,4,1,1,5,0,7,1,0,1,0,0,0,0
173,220,18,2,0,5,2,4,1,2,4,8,14,0,1,0,1,1,1,0
174,221,16,1,0,5,3,4,1,2,1,6,14,0,0,0,1,1,1,0
175,222,16,1,0,5,3,2,1,2,5,4,15,0,1,0,1,1,1,0
176,224,18,1,1,4,4,3,2,2,1,26,8,0,1,0,1,0,1,1
177,225,17,1,0,5,5,5,5,5,3,4,11,1,1,1,1,1,1,0
178,227,15,2,0,5,4,2,3,4,5,0,12,0,1,0,0,1,1,0
179,228,17,1,3,2,2,2,3,3,5,14,10,0,1,1,0,1,0,0
180,230,16,2,1,4,3,3,2,2,5,14,11,0,0,1,1,1,1,0
181,231,17,2,0,5,3,3,1,2,2,5,12,1,0,1,1,1,1,1
182,232,15,4,0,5,5,4,1,2,5,6,15,0,1,0,1,1,1,0
183,233,18,1,1,5,4,3,4,3,3,14,5,1,1,0,0,1,0,0
184,235,17,2,0,3,2,2,1,2,3,0,12,1,0,0,0,1,0,0
185,236,19,4,0,4,3,3,1,2,3,10,8,0,0,0,1,1,1,0
186,239,15,2,0,4,3,2,1,1,1,0,15,0,0,0,1,1,1,0
187,240,19,1,0,5,3,4,1,4,4,10,11,0,1,0,0,1,1,0
188,241,18,3,0,4,2,2,2,2,5,0,16,1,1,1,0,1,1,1
189,242,17,1,0,5,1,3,1,2,5,5,9,1,0,0,0,1,1,0
190,243,15,2,0,4,3,3,1,1,5,2,18,0,1,0,1,1,1,0
191,244,16,1,0,3,5,5,2,5,4,8,15,0,1,0,1,1,1,0
192,246,17,2,1,5,2,4,1,4,5,14,11,0,1,0,1,1,1,0
193,247,18,2,0,5,3,4,1,1,4,0,0,0,0,0,1,1,1,0
194,248,16,2,0,5,4,2,1,2,5,10,15,0,1,1,1,1,1,0
195,249,17,4,1,1,3,5,3,5,3,2,9,1,1,1,0,1,0,0
196,250,18,4,0,4,5,5,1,3,2,4,14,0,0,0,1,1,1,1
197,251,16,1,2,4,3,2,1,1,5,0,0,0,0,0,1,1,1,1
198,253,15,1,0,4,3,3,1,2,4,0,0,0,0,0,1,1,1,1
199,254,20,3,0,3,2,2,1,3,3,8,15,0,0,0,0,1,1,1
200,255,16,1,0,4,3,2,3,4,5,0,10,0,1,0,1,1,1,0
201,256,15,2,0,3,2,2,1,1,5,8,16,0,1,0,1,1,0,0
202,257,15,3,0,5,3,2,1,2,5,4,11,0,1,0,0,1,1,0
203,259,17,3,0,4,4,3,1,1,5,7,14,0,0,0,0,1,1,1
204,260,18,2,3,5,4,5,1,3,5,10,8,0,0,0,1,0,1,1
205,261,22,1,3,5,4,5,5,5,1,12,5,0,1,0,0,0,1,1
206,262,17,1,0,4,2,5,2,5,5,2,11,0,0,0,1,1,1,0
207,263,19,2,3,3,4,2,1,1,5,2,9,0,0,0,0,0,0,0
208,264,16,2,0,2,3,5,1,4,3,12,11,0,0,1,0,1,1,0
209,265,18,2,0,4,4,5,1,2,2,10,8,0,0,1,0,1,1,1
210,266,17,2,0,2,5,5,1,4,5,14,12,0,1,1,1,1,1,1
211,267,17,2,3,5,4,4,1,1,5,2,10,1,0,0,1,1,1,1
212,268,17,2,0,5,3,3,1,1,3,4,6,0,0,0,0,1,1,0
213,270,15,1,1,4,4,3,1,2,2,4,8,1,0,1,0,1,1,1
214,271,17,1,0,3,2,2,1,1,5,0,9,1,0,0,0,1,0,1
215,272,15,4,0,2,2,2,1,1,3,6,11,0,1,0,0,1,1,0
216,273,17,2,0,4,2,3,2,2,2,2,14,0,0,1,1,1,1,0
217,274,15,4,0,1,3,5,3,5,1,6,13,0,1,0,1,1,1,1
218,275,16,1,0,4,3,2,3,4,5,8,10,0,1,0,1,1,1,0
219,276,17,2,0,5,3,3,1,3,3,0,11,0,1,1,0,1,1,0
220,277,17,1,0,5,2,1,1,2,3,12,10,0,0,1,0,1,0,0
221,278,18,1,0,3,3,4,4,5,4,2,12,0,1,1,1,1,1,1
222,279,16,1,0,5,3,5,1,2,5,4,11,0,0,0,0,0,1,0
223,281,17,2,0,5,2,2,1,2,5,14,17,0,0,0,0,1,1,1
224,282,16,1,0,4,2,2,1,2,3,2,15,0,1,0,0,1,0,0
225,283,18,2,2,4,4,5,1,3,3,9,8,1,1,0,1,0,1,0
226,284,16,2,0,1,2,2,1,2,1,14,12,0,0,0,0,1,1,0
227,285,17,2,1,4,5,4,1,2,5,0,10,1,0,0,0,1,0,1
228,287,16,2,0,5,3,3,1,1,1,0,14,1,0,0,1,1,1,0
229,288,17,2,0,4,4,4,1,3,1,2,15,0,0,1,0,1,1,0
230,290,15,2,0,4,2,1,1,2,2,0,14,1,0,0,0,1,0,0
231,291,16,1,0,3,2,1,1,4,5,16,11,0,0,0,0,1,1,0
232,292,16,4,0,5,2,3,1,3,3,0,11,0,0,0,0,1,1,1
233,293,18,2,0,3,2,2,4,2,5,0,0,1,0,0,0,1,1,1
234,294,16,3,0,5,3,3,1,1,5,2,18,0,1,0,1,1,1,0
235,295,18,2,0,4,3,3,1,3,5,11,15,0,1,1,1,1,1,1
236,301,16,4,0,5,3,5,1,1,5,6,13,0,0,0,1,1,1,0
237,303,15,1,0,4,1,3,1,1,4,0,16,1,0,0,0,1,1,0
238,304,17,2,0,5,4,2,2,3,5,0,17,0,0,0,1,1,0,0
239,305,17,1,3,4,5,2,1,1,2,10,8,0,1,0,1,0,0,0
240,306,16,2,0,3,4,4,1,4,5,2,11,0,0,0,1,1,1,0
241,307,18,3,0,5,3,2,1,1,4,0,18,1,0,1,0,1,1,0
242,309,17,1,1,4,2,4,2,3,2,30,16,0,0,0,0,1,1,0
243,310,17,1,0,5,1,2,3,3,5,2,12,1,1,1,1,1,0,1
244,311,16,2,0,5,4,3,1,2,1,2,15,0,0,1,1,1,1,0
245,312,16,2,0,4,2,3,1,1,3,0,16,0,0,0,0,1,1,1
246,313,18,2,0,4,1,1,1,1,5,75,9,0,0,0,0,0,1,1
247,314,16,2,0,3,4,5,1,2,5,4,11,1,1,0,0,1,0,0
248,315,17,1,0,2,4,4,3,5,5,5,10,1,0,0,1,1,0,0
249,316,16,1,0,5,4,5,1,1,3,0,0,0,1,1,1,1,1,0
250,317,17,2,0,4,3,3,1,1,1,2,10,0,0,0,0,1,1,1
251,318,15,3,0,5,3,2,1,2,5,2,9,0,1,0,0,1,1,0
252,319,15,1,0,4,5,5,1,3,1,6,13,0,0,0,1,1,1,0
253,322,16,2,2,4,4,4,1,3,5,0,10,0,1,1,0,1,0,1
254,323,16,2,0,5,3,3,1,2,5,0,13,0,0,0,1,1,1,1
255,325,16,1,0,3,1,3,1,3,1,0,8,1,0,0,1,1,1,0
256,328,18,1,1,4,4,5,2,4,5,0,8,0,1,0,0,0,1,0
257,330,16,2,0,4,3,5,2,4,4,4,10,0,1,0,0,0,1,0
258,331,17,2,0,5,4,4,3,4,5,2,10,0,1,0,1,1,1,1
259,332,17,2,0,5,5,4,1,1,1,0,11,1,0,0,0,1,1,0
260,333,16,1,0,4,2,5,1,2,5,0,16,1,0,0,1,1,0,1
261,334,18,2,0,3,1,2,1,2,1,4,13,0,0,0,1,1,1,1
262,335,15,2,0,5,5,5,1,3,5,11,10,1,1,0,1,1,0,0
263,338,18,2,1,5,3,1,1,1,5,16,10,0,0,1,0,1,1,1
264,339,17,1,0,4,4,5,1,2,5,0,11,1,0,0,1,1,1,1
265,340,16,1,0,5,4,3,1,1,5,4,12,0,1,0,0,1,1,0
266,341,15,3,0,3,2,2,1,1,5,2,15,0,0,0,1,1,1,1
267,342,19,2,1,4,4,3,1,3,3,18,10,0,0,1,1,1,1,0
268,344,17,2,0,5,3,5,4,5,3,15,12,0,1,1,0,1,1,1
269,345,15,1,0,5,1,2,1,1,1,3,13,1,0,0,0,1,0,0
270,347,18,2,0,4,3,2,1,4,5,11,11,0,1,0,1,1,1,1
271,349,15,2,0,4,3,2,2,3,3,6,12,0,0,1,0,1,1,0
272,350,16,1,0,2,4,3,2,3,4,4,10,1,1,1,1,1,1,0
273,351,17,1,0,4,3,3,2,2,1,5,11,1,0,0,0,1,0,1
274,353,15,2,0,4,4,4,1,1,1,2,8,0,1,0,1,1,0,0
275,354,17,4,0,4,2,3,1,1,4,2,17,0,0,1,1,1,1,0
276,355,15,2,0,4,3,3,1,1,2,1,11,1,0,0,1,1,1,0
277,356,18,2,0,5,4,5,1,3,5,4,14,0,1,0,1,1,1,1
278,357,16,2,0,5,4,3,1,2,1,2,16,0,0,1,1,1,1,0
279,358,15,2,0,4,3,2,2,3,4,2,10,0,0,0,1,1,1,0
280,359,15,2,0,5,4,4,1,1,1,0,18,0,1,0,1,1,1,0
281,360,15,1,0,3,3,4,2,3,5,0,11,0,0,0,0,1,1,0
282,361,17,3,0,3,3,2,2,2,3,3,11,0,0,1,1,1,1,0
283,362,15,2,0,4,4,2,1,2,5,0,11,0,0,0,0,1,1,0
284,363,19,2,0,3,4,1,1,1,2,20,13,0,0,0,0,0,1,1
285,364,17,1,0,3,2,2,1,2,5,8,11,0,0,1,0,1,1,0
286,365,16,4,0,2,2,1,1,1,5,0,14,1,0,0,1,1,1,0
287,366,15,2,0,5,4,5,2,4,4,8,9,1,1,0,1,1,0,1
288,367,16,1,0,3,5,5,2,5,4,8,18,0,1,0,1,1,1,0
289,368,16,2,0,2,3,1,1,1,3,2,17,0,0,0,0,1,1,0
290,369,16,2,0,5,3,3,1,3,2,6,10,0,1,0,0,1,1,0
291,370,16,2,0,1,3,2,1,1,1,4,15,0,0,0,1,1,1,1
292,371,16,2,0,4,4,5,5,5,5,16,11,0,1,0,1,1,1,1
293,372,16,2,0,4,3,3,1,1,2,10,13,0,0,0,0,1,1,0
294,373,17,1,0,5,2,2,1,1,4,0,10,0,1,0,0,0,0,0
295,374,18,2,0,4,1,1,1,1,5,15,10,0,0,0,0,0,1,1
296,375,17,2,1,5,4,4,3,4,5,8,8,1,1,0,1,1,1,1
297,377,18,1,0,5,4,2,1,2,5,6,15,0,1,0,0,1,1,0
298,378,18,2,1,4,4,4,2,4,5,15,8,0,1,0,1,1,1,0
299,379,16,3,0,4,4,3,1,1,4,0,16,0,1,0,1,1,1,1
300,380,17,2,0,3,3,3,1,3,3,6,9,0,0,0,0,1,1,1
301,381,19,2,1,4,2,4,2,2,3,0,0,0,0,1,1,1,0,1
302,382,17,2,0,4,5,5,1,3,2,4,11,1,1,0,1,1,1,1
303,386,18,3,0,5,4,5,2,3,5,0,14,0,1,0,0,1,1,1
304,387,17,2,0,3,5,2,2,2,1,2,14,0,1,0,1,1,0,1
305,388,16,1,0,5,4,3,1,1,5,0,15,0,1,0,0,1,1,0
306,389,17,3,0,4,3,3,1,2,4,4,15,0,0,0,0,1,1,1
307,390,15,2,0,5,5,1,1,1,5,0,13,0,1,0,1,1,1,0
308,391,17,1,0,3,4,4,1,3,5,12,12,0,0,1,0,1,1,1
309,393,15,1,0,5,4,3,2,4,5,8,12,0,1,1,0,1,1,1
310,396,18,2,0,5,3,3,1,2,1,2,15,0,0,0,1,1,1,0
311,397,17,2,0,4,4,4,4,4,4,0,11,0,1,1,1,1,1,0
312,399,18,1,0,3,3,2,1,2,3,2,14,1,1,1,0,1,1,1
313,400,18,2,0,4,3,3,1,3,5,8,10,0,1,1,0,1,1,1
314,401,18,2,0,4,2,2,1,1,3,0,17,0,0,1,1,1,1,0
315,404,15,2,0,5,5,1,1,1,5,0,15,0,1,0,1,1,1,0
316,405,17,2,0,4,3,5,1,2,4,0,11,1,0,0,0,1,1,0
317,407,16,1,0,5,5,5,5,5,5,0,16,0,0,0,1,1,1,1
318,409,18,2,0,5,2,3,1,2,3,2,11,1,0,1,0,1,0,1
319,410,16,2,0,3,3,3,2,3,2,0,12,0,0,1,0,1,0,0
320,411,17,1,1,3,3,2,2,2,5,8,9,0,1,1,1,0,1,1
321,412,16,2,0,4,4,5,1,3,3,0,9,1,0,1,1,0,1,0
322,413,15,2,0,4,3,2,1,1,5,2,9,0,1,1,1,1,1,0
323,414,17,3,0,4,3,3,1,2,4,4,14,0,0,0,0,1,1,1
324,415,18,2,0,4,1,1,1,1,4,0,12,1,0,0,0,0,0,0
325,416,16,2,0,4,3,5,1,1,5,2,10,0,0,0,0,1,0,1
326,418,16,3,0,3,2,3,1,2,2,6,14,0,0,0,1,1,1,0
327,419,16,1,0,5,3,2,1,2,5,0,12,0,1,0,1,1,1,0
328,420,17,2,0,4,5,4,2,3,1,10,9,1,0,0,1,1,1,0
329,421,17,2,0,3,1,3,1,5,3,6,10,0,1,0,0,1,0,0
330,422,17,2,0,4,1,4,1,1,1,2,13,0,0,0,0,1,0,0
331,426,17,2,0,4,3,4,1,2,5,4,11,0,0,0,0,1,0,0
332,427,16,2,0,4,3,5,1,5,2,2,16,0,0,0,1,1,1,0
333,428,18,2,0,4,3,4,1,4,5,0,15,1,0,1,0,1,0,1
334,429,18,2,0,4,3,5,1,2,3,0,0,0,0,0,0,0,1,1
335,431,16,2,0,4,4,5,1,1,4,4,11,1,0,0,0,1,1,0
336,434,16,2,0,4,5,4,1,2,1,2,15,1,0,0,0,1,1,0
337,435,17,1,3,5,4,5,1,2,5,0,0,0,1,0,0,1,1,0
338,436,17,1,0,5,2,2,1,1,2,2,13,0,1,0,0,1,1,0
339,437,17,2,0,5,4,5,2,4,5,0,0,0,1,0,0,1,0,0
340,439,15,1,0,4,4,4,2,4,5,2,10,0,1,1,1,1,0,0
341,441,18,2,0,5,5,4,3,5,2,16,8,0,1,0,0,0,1,0
342,442,17,3,0,4,3,4,1,1,5,12,12,0,0,0,1,1,0,1
343,443,17,3,0,3,4,3,2,3,5,1,15,0,0,0,0,1,1,0
344,444,16,1,0,4,3,3,3,4,3,10,9,0,1,0,1,1,1,1
345,445,19,2,0,2,3,4,2,3,2,0,0,0,0,0,1,1,1,0
346,446,16,2,0,5,3,4,1,1,2,2,12,0,0,0,1,1,1,1
347,448,15,1,0,2,2,4,2,4,1,4,15,0,1,0,0,1,1,0
348,449,18,3,0,4,3,3,1,2,2,0,18,0,0,0,0,1,1,0
349,450,17,2,0,4,3,4,2,3,4,6,14,0,1,0,1,1,1,1
350,451,19,2,3,3,5,4,1,4,1,0,0,1,0,0,1,0,0,1
351,452,16,1,0,5,4,2,1,1,5,6,15,0,1,0,1,1,1,0
352,453,18,1,0,4,4,1,3,4,5,0,10,1,1,1,0,1,1,0
353,454,15,2,3,4,3,2,2,3,3,10,10,0,0,1,0,1,1,0
354,456,15,1,0,4,2,4,3,5,3,2,11,1,1,1,1,1,1,0
355,457,16,2,1,5,3,3,1,3,2,4,10,0,1,0,0,1,1,0
356,459,16,1,2,1,2,2,1,3,5,14,8,0,0,0,0,1,1,0
357,460,18,2,0,4,3,5,1,2,3,12,10,0,0,0,0,0,1,1
358,462,17,2,0,5,4,2,2,3,5,0,17,0,0,0,1,1,0,0
359,463,17,1,3,5,5,5,2,4,5,2,7,0,1,0,1,1,1,0
360,465,17,1,0,3,5,5,1,3,1,14,5,1,0,0,1,1,1,0
361,466,17,2,0,3,3,3,2,3,4,0,12,0,1,1,0,1,1,0
362,467,17,2,0,5,2,5,1,1,5,0,16,1,0,0,0,1,1,0
363,468,16,2,0,4,3,2,1,2,5,4,10,0,0,0,0,1,0,0
364,469,16,2,0,5,4,4,1,2,5,2,16,0,1,0,1,1,1,0
365,471,15,3,0,5,4,3,1,1,4,0,14,0,1,1,1,1,1,0
366,472,16,2,0,4,4,4,1,1,3,0,13,0,1,1,0,1,1,0
367,473,18,3,0,4,4,4,1,1,3,0,0,0,0,0,0,1,1,1
368,474,17,1,0,3,5,5,2,2,4,3,10,1,0,0,1,0,1,1
369,475,18,1,1,5,5,5,1,1,3,0,0,1,0,0,0,0,1,1
370,476,18,2,1,2,4,4,1,1,4,15,8,0,0,0,1,1,1,1
371,477,15,1,0,3,4,3,1,2,4,2,14,0,1,0,0,1,1,0
372,478,17,2,0,4,4,4,1,3,1,0,15,0,0,0,0,1,0,0
373,479,15,2,1,3,3,2,1,1,3,2,11,0,0,0,0,1,1,0
374,480,17,1,0,4,5,4,2,4,5,22,10,0,1,1,1,1,1,1
375,481,16,1,0,4,4,4,2,2,4,2,14,1,0,1,1,1,1,1
376,483,16,1,1,4,4,3,1,4,3,1,10,1,0,0,1,1,1,0
377,484,18,3,0,4,2,2,2,2,5,0,13,1,1,1,0,1,1,1
378,485,15,2,0,4,4,4,1,1,1,0,8,0,1,0,1,1,0,0
379,486,19,3,1,4,3,4,1,3,3,4,11,0,0,0,1,1,1,1
380,487,17,2,0,5,2,3,1,1,2,4,11,0,1,0,1,1,1,1
381,488,15,3,0,5,3,2,1,1,4,0,14,1,0,0,1,1,0,0
382,489,16,3,0,2,4,3,1,1,5,4,13,0,1,0,1,1,1,1
383,493,17,2,0,4,3,4,2,2,1,10,15,0,0,0,1,1,1,1
384,494,18,2,0,4,3,2,1,4,5,2,16,0,1,0,1,1,1,1
385,495,18,1,0,5,4,5,1,1,5,3,17,1,1,1,1,1,1,0
386,496,17,3,0,4,2,3,2,2,3,5,8,1,0,1,0,0,0,0
387,497,18,2,0,1,1,1,1,1,5,6,9,1,0,0,1,1,0,0
388,498,18,1,0,3,2,4,1,4,3,22,9,0,1,0,1,1,1,0
389,499,18,1,1,2,3,1,2,2,5,0,0,1,1,0,0,0,1,0
390,500,17,2,0,4,4,4,2,3,5,6,12,0,0,1,0,1,1,1
391,501,16,1,0,5,3,2,2,2,5,0,14,0,1,0,1,1,0,0
392,502,17,1,1,4,2,4,2,3,2,24,18,0,0,0,0,1,1,0
393,503,19,3,1,5,4,3,1,2,5,12,13,0,0,0,0,1,0,0
394,504,18,3,0,4,3,4,1,2,2,5,17,0,0,0,0,1,1,1
395,505,15,1,0,4,3,2,1,1,5,6,14,0,0,0,1,1,1,0
396,506,16,1,0,5,4,2,1,1,5,0,13,0,1,0,1,1,1,0
397,508,16,2,0,5,4,4,1,1,5,0,11,0,0,0,0,1,1,1
398,509,17,2,0,4,3,3,2,3,2,4,10,0,0,0,0,1,1,0
399,510,18,4,0,4,3,3,1,1,3,0,14,0,0,0,0,1,1,0
400,512,17,4,0,4,2,3,3,1,5,0,18,1,0,0,0,1,1,1
401,514,16,3,0,4,3,3,1,3,4,0,8,0,0,0,0,1,1,1
402,515,17,1,0,5,5,3,1,1,3,2,11,1,0,0,1,0,0,1
403,517,18,1,1,4,3,3,2,3,3,7,8,1,1,1,0,0,1,1
404,520,17,1,0,3,4,4,1,3,5,2,12,0,0,1,0,1,1,1
405,521,17,2,0,2,3,4,1,1,1,4,15,1,0,1,1,1,1,1
406,522,17,3,0,4,3,3,1,3,5,4,15,0,0,1,1,1,1,0
407,523,15,2,0,4,4,2,1,2,5,0,12,0,0,0,0,1,1,0
408,524,18,3,0,4,3,2,1,2,4,2,10,1,0,0,0,1,1,0
409,525,18,3,0,5,3,3,1,3,4,2,10,1,0,0,0,1,0,0
410,526,18,1,2,2,3,5,2,5,4,0,0,0,1,1,0,0,1,1
411,527,15,1,0,5,5,5,3,2,5,2,9,0,1,0,0,1,1,0
412,528,18,2,0,4,1,3,1,2,1,1,16,1,0,0,0,1,1,1
413,529,17,2,0,4,3,3,2,3,2,0,16,0,0,0,0,1,1,0
414,530,16,3,0,3,4,4,2,4,4,0,13,0,0,0,1,1,1,0
415,531,18,2,0,4,3,3,1,1,2,0,0,0,0,1,1,1,1,1
416,532,18,2,0,4,4,3,1,1,3,2,13,0,0,1,0,1,0,0
417,533,17,3,0,3,4,3,1,1,3,8,12,1,0,0,1,1,0,1
418,534,17,2,0,5,2,2,1,2,5,23,13,0,0,0,0,1,1,1
419,536,17,1,1,4,1,2,1,1,3,6,13,0,0,0,0,1,1,1
420,537,18,2,1,4,4,3,2,3,5,2,12,1,1,1,1,0,0,0
421,538,16,3,0,3,2,3,2,2,1,4,13,0,1,0,0,1,1,1
422,539,18,2,0,4,2,4,1,1,4,0,15,0,0,1,0,1,1,1
423,540,16,3,0,5,3,5,1,1,3,0,8,0,0,0,0,1,1,0
424,541,18,1,1,5,4,3,4,3,3,0,0,1,1,0,0,1,0,0
425,542,18,2,1,4,3,2,1,1,5,9,7,1,0,0,0,1,1,1
426,543,18,2,0,4,1,4,1,3,4,10,17,0,0,1,0,1,1,0
427,544,17,2,0,5,3,5,4,5,3,13,13,0,1,1,0,1,1,1
428,545,16,3,0,5,4,5,1,1,4,2,14,0,0,1,1,1,1,1
429,546,15,2,0,3,3,4,2,4,5,2,11,0,0,0,0,1,1,1
430,547,18,3,0,4,5,5,1,2,2,0,14,0,0,0,1,1,1,0
431,548,15,2,0,4,4,4,1,1,5,4,11,0,0,1,0,1,1,0
432,550,16,2,0,4,5,1,1,3,5,0,14,0,1,1,1,1,1,0
433,551,17,2,0,5,3,3,2,3,1,56,8,0,0,1,1,1,1,1
434,552,17,2,0,4,3,4,2,3,4,12,11,0,1,0,1,1,1,1
435,553,18,4,0,4,5,5,1,3,2,10,16,0,0,0,1,1,1,1
436,554,17,1,0,5,2,3,1,2,5,4,16,0,1,0,0,1,1,0
437,555,16,2,0,3,3,2,1,1,3,2,10,1,0,0,0,1,0,1
438,559,17,2,0,5,3,3,2,3,1,32,14,0,0,1,1,1,1,1
439,560,16,2,0,4,4,3,1,3,4,6,10,0,0,0,1,1,0,0
440,561,18,2,0,4,3,2,1,1,3,2,8,0,1,0,0,1,1,0
441,562,16,1,0,3,1,3,1,4,3,2,7,1,0,0,0,1,1,0
442,563,18,1,2,3,3,3,1,2,4,0,0,0,1,0,1,1,1,0
443,564,17,2,0,4,3,3,1,2,4,0,12,0,1,0,0,1,1,0
444,565,16,1,0,3,1,3,1,3,5,4,10,0,1,1,1,1,1,0
445,566,16,3,0,5,3,2,1,1,5,4,16,0,0,0,1,1,1,0
446,567,18,2,0,5,3,3,1,2,1,0,0,0,0,0,1,1,1,0
447,568,16,2,0,3,4,3,2,3,3,4,11,0,1,0,1,1,1,0
448,570,16,2,0,4,2,3,1,1,5,2,16,0,0,0,0,1,1,0
449,571,16,2,0,4,2,3,1,2,3,2,12,0,1,0,1,1,1,1
450,572,19,2,2,3,4,2,1,1,5,0,11,0,0,0,0,0,0,0
451,573,15,2,0,4,3,2,1,1,5,0,14,0,1,1,1,1,1,0
452,576,17,3,0,4,4,3,1,3,4,0,13,0,0,0,1,1,1,1
453,577,16,4,0,4,3,2,1,1,1,0,13,1,0,0,0,1,1,0
454,578,15,1,0,5,4,4,2,3,5,4,11,1,0,0,0,1,1,0
455,579,15,2,0,5,3,3,1,1,5,0,0,0,1,0,0,1,0,1
456,580,15,2,2,4,4,4,1,4,3,6,7,0,1,0,0,1,1,1
457,581,18,2,0,5,3,4,1,1,5,0,10,1,0,0,0,1,0,1
458,582,19,1,0,4,5,4,1,1,4,6,11,0,1,0,0,0,1,1
459,583,15,1,0,4,3,3,1,2,5,11,12,1,1,1,1,1,1,0
460,584,17,2,0,5,1,3,3,3,1,0,10,1,1,0,0,1,1,1
461,585,17,2,0,4,4,4,1,3,5,0,10,0,1,1,1,1,1,0
462,586,15,2,0,5,3,3,1,3,4,4,15,0,1,1,1,1,1,0
463,587,15,3,0,4,5,2,1,1,3,0,15,0,1,0,0,1,1,1
464,589,18,3,0,5,3,2,1,1,3,2,12,0,1,0,1,1,0,0
465,590,15,2,0,4,4,4,2,4,2,0,10,0,0,1,1,1,1,1
466,591,18,2,1,2,3,3,1,2,4,3,8,1,0,1,1,1,1,0
467,592,15,1,0,5,5,5,3,4,5,4,9,0,1,1,0,1,0,0
468,593,16,4,0,4,3,3,1,2,5,4,6,0,0,0,0,1,1,0
469,594,17,1,3,5,5,5,2,4,5,16,5,0,1,0,1,1,1,0
470,595,19,3,0,1,5,5,4,3,5,12,11,0,0,0,1,0,0,1
471,596,16,3,1,1,3,2,1,2,4,0,8,1,0,0,0,1,0,0
472,597,17,3,0,4,4,5,1,3,5,16,15,0,0,0,0,1,1,0
473,598,16,1,0,4,3,3,1,1,4,7,16,0,1,0,0,1,1,0
474,599,16,4,0,5,2,3,1,3,3,1,13,0,0,0,0,1,1,1
475,601,15,2,0,5,3,2,1,1,2,0,12,0,1,1,1,1,1,0
476,602,18,2,0,4,3,2,4,5,3,14,9,0,1,1,1,1,1,1
477,603,17,1,0,4,4,4,2,3,4,8,9,0,1,0,0,0,1,0
478,604,15,4,0,3,3,3,1,1,3,0,10,0,1,0,0,1,1,0
479,606,18,2,1,2,3,2,1,3,1,8,8,1,0,0,0,1,1,0
480,608,15,1,0,3,2,2,1,3,3,0,12,0,1,0,1,1,1,1
481,609,16,1,0,3,4,4,1,4,5,4,13,0,1,0,1,1,1,0
482,610,15,4,0,4,3,4,1,1,4,6,14,0,1,1,1,1,1,0
483,612,18,3,0,5,4,2,1,1,4,0,15,0,1,1,1,1,1,0
484,613,17,2,0,3,5,2,2,2,1,2,18,0,1,0,1,1,0,1
485,614,16,3,1,1,3,2,1,2,4,3,8,1,0,0,0,1,0,0
486,616,20,3,2,5,4,3,1,1,3,4,15,1,0,0,0,1,1,1
487,617,16,2,0,3,3,3,2,3,2,4,6,0,0,1,0,1,0,0
488,618,15,1,0,4,5,5,2,5,5,0,11,0,1,1,0,1,1,0
489,620,15,2,0,4,4,1,1,1,1,0,14,0,1,0,0,1,1,0
490,621,17,3,1,4,4,3,3,4,5,28,9,0,0,0,0,1,1,1
491,622,15,2,0,4,3,5,1,1,2,26,6,0,0,0,0,1,1,0
492,623,19,1,3,4,4,3,1,3,5,4,9,1,1,0,1,0,1,1
493,624,18,2,0,3,2,2,4,2,5,10,11,1,0,0,0,1,1,1
494,627,18,2,0,4,2,5,1,1,2,2,10,0,0,0,1,1,0,1
495,628,17,4,0,3,4,1,1,1,2,0,0,0,0,1,1,1,1,1
496,629,18,2,1,4,4,5,4,4,5,4,11,0,1,1,1,0,1,0
497,630,18,2,0,4,4,3,1,1,3,2,11,0,0,1,0,1,0,0
498,631,15,1,0,4,3,3,2,4,3,11,11,1,1,0,1,1,1,0
499,632,20,2,0,1,2,3,1,2,2,8,12,0,0,0,1,0,1,1
500,635,17,3,0,4,4,3,1,3,4,0,15,0,0,0,1,1,1,1
501,636,17,1,3,4,5,1,1,1,3,2,10,0,1,0,1,0,1,0
502,637,15,3,2,4,2,1,2,3,3,8,10,0,0,0,1,1,1,1
503,638,19,3,1,4,1,2,1,1,3,40,11,0,0,0,0,1,1,1
504,639,17,2,0,5,2,3,1,1,2,4,13,0,1,0,1,1,1,1
505,641,15,3,0,4,3,2,1,1,5,2,11,0,0,0,1,1,1,0
506,642,17,3,1,4,3,4,1,1,5,0,0,0,0,0,1,1,0,1
507,643,18,2,0,4,3,3,1,4,5,6,10,1,1,1,1,1,0,0
508,644,16,3,0,4,3,3,2,2,5,2,11,1,0,1,0,1,0,1
509,645,18,3,0,5,4,4,1,1,1,0,19,1,0,1,0,1,1,0
510,646,17,2,2,4,4,4,1,4,3,4,8,0,1,0,0,1,1,1
511,647,17,1,0,4,2,1,1,2,5,6,9,0,1,0,1,1,1,0
512,648,16,1,0,4,5,5,2,3,5,2,10,1,1,0,0,1,1,0
513,649,17,3,0,4,4,2,1,1,4,6,7,0,0,0,1,1,1,1
514,650,16,1,0,3,2,3,1,2,2,0,12,1,0,0,1,1,0,0
515,651,16,2,0,4,4,2,1,1,3,6,11,0,1,0,1,1,1,0
516,652,16,1,2,3,4,5,2,4,2,0,0,0,1,0,1,1,1,0
517,653,16,2,0,4,3,3,2,4,5,54,11,0,0,0,1,1,1,0
518,654,18,1,0,3,3,2,1,2,3,4,10,1,1,1,0,1,1,1
519,656,17,1,1,4,4,4,1,2,5,2,8,0,1,1,1,1,1,0
520,657,19,1,1,4,3,4,1,1,4,38,8,0,1,0,0,1,1,1
521,660,16,2,0,5,4,4,1,2,5,6,14,0,1,0,1,1,1,0
522,662,18,1,1,3,2,3,1,1,2,4,10,1,0,0,0,0,1,1
523,664,18,3,0,5,3,2,1,2,4,4,17,0,1,0,0,1,1,1
524,665,19,2,1,4,5,2,2,2,4,3,11,0,1,0,0,1,1,0
525,666,16,2,0,4,3,2,1,2,5,0,13,0,0,0,0,1,0,0
526,668,19,2,0,2,3,4,2,3,2,2,13,0,0,0,1,1,1,0
527,669,15,2,0,5,2,2,1,1,5,8,6,0,0,1,1,1,1,1
528,670,19,1,0,3,2,3,3,3,5,5,9,1,1,1,0,1,1,0
529,671,17,2,1,4,5,5,1,3,2,4,11,1,1,0,1,1,1,1
530,672,16,1,0,3,2,1,1,1,2,4,11,0,1,0,0,1,0,0
531,674,17,2,0,5,3,4,1,3,3,2,17,0,0,0,1,1,1,0
532,675,17,1,0,4,5,3,1,1,5,4,10,1,0,0,1,0,0,0
533,676,17,2,0,5,3,2,1,1,1,0,17,1,0,0,1,1,0,0
534,677,15,4,0,1,3,3,5,5,3,0,12,0,1,0,1,1,1,1
535,678,17,2,0,5,3,5,1,5,5,0,8,0,1,1,1,0,0,1
536,679,15,4,0,4,4,2,2,3,3,6,15,0,0,1,0,1,1,0
537,680,17,2,0,4,3,4,1,4,4,4,10,0,1,0,1,1,1,0
538,681,16,1,0,5,3,2,2,2,5,2,14,0,1,0,1,1,0,0
539,684,17,2,0,4,3,2,1,1,4,10,10,0,0,0,0,1,0,1
540,686,19,3,1,5,3,1,1,1,3,6,9,1,0,0,1,0,0,1
541,687,15,1,0,4,3,3,1,2,4,6,13,0,0,0,1,1,1,1
542,688,18,2,1,4,3,3,1,1,4,0,0,1,0,0,1,1,0,1
543,689,16,3,0,4,1,2,1,1,2,4,11,0,0,0,1,1,1,0
544,690,16,2,0,5,3,3,1,1,5,4,11,0,1,1,1,1,1,0
545,691,16,1,0,3,3,3,1,1,4,6,11,0,1,0,1,1,1,0
546,692,15,2,0,4,2,2,1,1,1,0,19,0,1,1,0,1,1,0
547,693,15,3,0,4,3,3,1,1,5,4,15,0,0,0,1,1,1,1
548,694,19,1,1,4,4,4,1,1,2,0,10,1,0,0,0,0,1,1
549,695,18,2,0,5,3,3,1,1,4,4,8,0,0,0,1,1,1,1
550,696,18,2,2,4,3,3,1,1,5,2,8,1,0,0,0,1,0,0
551,697,16,3,0,4,4,3,1,1,5,0,11,1,1,0,0,1,1,0
552,698,16,1,0,4,3,3,3,4,3,8,11,0,1,0,1,1,1,1
553,699,19,2,2,4,3,5,3,3,5,15,9,0,0,0,1,1,1,0
554,701,15,2,0,4,3,1,1,1,5,2,15,0,1,0,1,1,1,0
555,703,16,2,0,3,3,3,1,2,3,16,10,0,0,1,1,1,1,1
556,704,15,4,0,3,1,2,1,1,1,4,13,0,0,0,1,1,1,0
557,706,16,1,0,3,3,3,1,2,1,8,11,0,0,0,1,1,0,1
558,709,16,1,0,4,3,4,1,2,1,6,8,1,0,1,0,0,0,0
559,710,18,2,0,5,4,5,1,3,5,10,10,0,1,0,1,1,1,1
560,711,17,1,0,5,2,2,1,1,2,4,13,0,1,0,0,1,1,0
561,712,18,2,0,4,3,4,2,2,4,8,12,0,0,0,1,1,1,0
562,714,18,2,0,5,4,4,1,1,4,4,10,0,0,0,1,1,1,0
563,715,16,1,0,3,3,2,2,1,5,16,8,0,1,0,0,0,1,1
564,716,16,1,0,5,3,3,1,1,3,0,12,0,1,0,0,1,1,0
565,717,18,2,0,4,3,4,1,1,3,6,6,0,0,0,0,1,0,0
566,718,16,1,1,4,4,4,3,5,5,6,14,0,1,1,1,1,0,1
567,719,15,2,0,4,3,2,1,1,1,0,15,0,0,0,1,1,1,0
568,720,15,1,0,5,3,3,1,1,5,2,12,0,1,0,1,1,1,0
569,721,18,1,0,4,4,5,2,4,5,8,7,0,1,0,0,0,1,0
570,722,18,1,0,4,4,3,1,3,5,5,7,1,1,0,1,1,1,1
571,723,15,2,0,3,3,3,1,2,2,2,14,0,0,0,0,1,1,0
572,724,15,3,0,4,3,2,1,1,5,2,10,0,0,0,1,1,1,0
573,725,19,2,2,3,2,2,1,1,3,4,9,1,0,1,1,1,0,1
574,726,16,1,0,5,3,4,1,2,1,4,13,0,0,0,1,1,1,0
575,727,20,1,1,4,4,3,2,4,4,12,10,1,1,0,0,0,1,1
576,729,15,1,1,5,5,5,1,1,1,2,9,0,0,0,1,1,1,1
577,730,16,2,0,4,2,2,1,2,5,2,13,0,0,1,1,1,1,1
578,731,19,1,1,3,2,5,4,4,5,5,11,0,0,0,0,1,1,1
579,732,15,1,1,4,1,3,1,1,2,6,10,1,0,0,0,1,0,1
580,733,18,2,0,5,4,3,1,1,2,9,15,0,1,1,1,1,1,0
581,734,16,2,1,4,4,4,1,3,5,0,12,0,1,1,0,1,0,1
582,735,18,1,1,2,5,5,5,5,5,10,13,1,1,0,0,1,1,0
583,736,18,2,0,4,4,4,3,3,5,2,11,0,0,0,0,1,1,0
584,737,18,1,0,4,4,3,1,3,5,0,0,1,1,0,1,1,1,1
585,738,17,3,0,3,2,3,1,2,3,0,16,0,0,0,1,1,1,1
586,739,18,2,1,2,4,4,1,1,4,2,13,0,0,0,1,1,1,1
587,740,16,1,0,3,3,2,2,1,5,0,0,0,1,0,0,0,1,1
588,741,17,3,0,4,2,3,1,1,1,8,15,0,0,0,0,1,1,1
589,743,17,1,0,4,2,1,1,1,4,0,12,0,0,0,0,1,0,1
590,744,19,1,1,2,2,3,3,4,5,16,11,0,0,1,0,0,1,0
591,745,18,1,0,4,3,5,2,4,5,2,10,0,0,0,1,1,1,1
592,746,17,2,0,5,3,1,1,4,5,2,12,0,0,0,0,1,1,1
593,747,19,2,0,4,3,5,3,3,5,16,12,0,0,0,1,1,1,0
594,748,15,2,0,5,3,3,1,1,5,2,11,0,1,0,0,1,0,1
595,749,18,1,0,3,2,4,1,4,3,6,12,0,1,0,1,1,1,0
596,750,16,2,0,4,4,5,5,5,5,4,12,0,1,0,1,1,1,1
597,751,17,2,0,4,3,3,2,3,5,0,18,1,0,0,0,1,1,0
598,752,15,2,2,4,4,4,2,3,5,6,8,0,0,0,0,1,1,1
599,755,17,3,0,4,4,3,1,2,5,0,16,1,1,1,0,1,1,0
600,758,17,1,0,5,5,5,5,5,3,8,9,1,1,0,1,0,0,1
601,759,16,1,0,4,3,2,2,4,5,0,15,0,1,0,0,1,1,0
602,760,17,1,0,4,1,1,2,2,5,0,13,0,1,1,0,1,1,0
603,761,17,1,0,2,2,2,3,3,5,8,13,0,1,1,0,1,0,0
604,762,16,2,0,5,3,4,1,1,2,1,14,1,0,0,1,1,1,0
605,763,16,3,0,4,4,3,1,1,5,2,10,1,0,0,0,1,0,0
606,764,18,2,0,4,4,4,2,4,5,10,11,0,1,0,1,1,1,0
607,765,18,1,0,4,2,5,3,4,5,2,11,0,1,1,0,1,1,0
608,766,16,2,0,4,3,4,1,2,2,4,6,0,0,1,0,1,0,0
609,767,16,2,0,5,4,3,1,1,1,0,12,1,0,1,1,1,0,1
610,768,17,1,1,5,4,4,2,2,5,0,7,1,0,0,0,0,1,0
611,769,17,1,1,1,2,1,2,3,5,0,0,1,1,0,1,1,0,1
612,770,18,2,0,2,3,5,1,4,3,8,10,1,0,1,0,1,0,0
613,771,17,2,0,5,5,5,1,3,5,0,0,1,0,0,1,1,1,0
614,772,17,3,0,3,3,3,2,3,2,0,15,0,0,1,0,1,1,0
615,773,16,2,1,4,4,4,2,3,5,2,12,1,0,0,1,1,0,0
616,775,19,3,0,5,4,5,1,1,1,0,13,1,0,1,0,1,1,1
617,776,16,2,0,4,3,3,2,3,4,0,13,0,0,1,0,1,1,0
618,777,17,1,3,4,5,1,1,1,3,0,10,0,1,0,1,0,1,0
619,778,17,1,1,4,4,4,1,2,5,0,10,0,1,1,1,1,1,0
620,780,16,2,0,3,3,4,1,1,4,0,13,0,0,0,0,1,1,0
621,781,18,2,0,3,2,4,2,4,4,10,10,0,1,1,0,1,1,0
622,782,16,2,0,4,3,5,1,1,5,0,12,0,0,0,0,1,0,1
623,783,15,1,0,5,3,3,1,1,5,4,14,0,1,0,1,1,1,0
624,785,17,1,0,4,4,5,5,5,4,8,10,0,1,0,0,1,1,0
625,786,15,2,0,4,5,4,1,1,1,4,12,1,0,0,0,1,1,1
626,787,16,2,0,5,3,3,1,1,5,2,13,0,1,1,1,1,1,0
627,788,17,2,0,4,2,5,1,2,5,0,11,0,0,0,1,1,1,0
628,789,16,2,1,3,1,2,1,1,5,12,10,0,0,0,1,1,1,0
629,790,19,2,1,4,4,4,1,1,3,20,13,0,1,0,1,1,1,1
630,791,19,2,1,4,2,2,1,2,1,22,11,0,0,1,0,1,1,1
631,792,18,4,0,4,5,5,2,4,5,0,12,0,1,1,1,1,1,0
632,793,15,2,0,2,3,4,2,4,1,6,11,0,0,0,0,1,0,1
633,794,15,2,0,3,2,3,1,2,1,0,14,0,0,0,0,1,1,0
634,795,18,1,0,4,4,3,2,2,5,4,10,1,0,0,1,1,1,1
635,797,18,3,0,5,4,3,2,3,1,4,17,0,0,0,0,1,1,1
636,798,19,2,0,4,3,3,1,1,5,0,11,0,0,0,0,1,1,0
637,799,19,2,0,4,3,1,1,1,1,4,14,0,1,1,0,1,1,0
638,800,18,3,0,5,3,2,1,2,4,9,16,0,1,0,0,1,1,1
639,801,18,1,3,5,2,5,1,5,4,6,10,0,0,0,1,1,0,0
640,802,17,1,0,5,4,5,1,2,5,22,6,0,1,0,0,1,1,0
641,803,15,3,0,5,2,2,1,1,4,4,12,0,0,0,1,1,1,0
642,804,17,1,2,3,3,2,2,2,5,0,0,0,1,1,1,0,1,1
643,805,16,2,0,1,3,2,1,1,1,10,13,0,0,0,1,1,1,1
644,806,18,3,0,5,4,5,2,3,5,0,9,0,1,0,0,1,1,1
645,807,15,1,0,3,2,2,1,3,3,2,12,0,1,0,1,1,1,1
646,808,18,2,0,5,4,3,3,4,2,1,14,1,0,1,1,1,1,0
647,809,17,2,0,4,5,5,1,3,2,14,9,0,1,0,1,1,1,1
648,810,18,1,0,1,4,2,2,2,1,5,16,0,1,1,0,1,1,1
649,811,16,2,0,4,5,1,1,3,5,2,16,0,1,1,1,1,1,0
650,812,19,4,0,4,3,3,1,2,3,4,12,0,0,0,1,1,1,0
651,813,17,2,0,4,1,2,2,2,1,0,13,1,1,0,0,1,1,0
652,815,15,2,1,4,4,4,1,1,3,2,7,0,0,0,1,1,1,0
653,817,15,2,0,4,4,3,1,1,2,2,14,0,1,0,1,1,0,0
654,819,15,1,0,4,3,3,1,3,5,2,14,0,1,1,1,1,1,0
655,820,18,2,1,4,3,3,1,1,3,18,10,0,0,1,0,1,1,0
656,821,17,1,0,4,4,2,2,4,5,0,12,0,1,0,0,1,1,0
657,822,17,2,0,3,3,3,1,3,3,10,14,0,0,0,0,1,1,1
658,825,17,2,0,3,3,1,1,2,4,18,14,0,0,0,0,1,1,1
659,826,16,2,0,1,2,4,2,2,1,8,10,1,0,1,1,1,1,0
660,827,16,2,0,5,4,4,2,4,5,2,10,0,1,1,1,1,1,0
661,829,20,2,2,5,5,4,4,5,4,11,9,1,1,1,0,1,0,0
662,830,16,3,0,5,1,3,2,2,3,0,10,1,1,1,0,1,0,0
663,831,21,3,2,3,3,2,1,1,5,0,12,0,0,1,1,1,1,0
664,834,17,2,0,4,4,2,5,5,4,4,13,0,1,1,1,1,1,1
665,835,15,2,0,5,3,2,1,1,1,0,11,0,0,1,1,1,1,1
666,836,16,1,0,5,4,3,2,4,4,6,8,1,1,0,1,1,1,1
667,837,17,1,0,3,3,3,1,4,3,4,13,0,0,0,0,1,0,0
668,838,17,1,0,2,4,5,3,4,2,6,10,1,1,1,0,1,1,0
669,839,16,2,0,4,4,5,1,1,4,4,9,0,0,1,1,1,1,0
670,841,16,2,0,2,4,4,2,3,4,0,16,0,0,0,1,1,0,0
671,842,15,1,0,4,2,2,1,2,5,8,12,0,1,0,0,1,1,0
672,843,16,2,0,4,4,2,1,1,3,0,14,0,0,0,0,1,1,1
673,845,15,3,0,3,2,2,1,1,5,0,14,0,0,0,1,1,1,1
674,846,18,1,0,4,4,3,2,2,5,7,6,1,0,0,1,1,1,1
675,847,15,4,1,3,1,2,1,1,1,2,10,0,0,0,1,1,1,0
676,848,16,1,1,4,5,2,1,1,2,16,12,0,1,0,1,0,0,0
677,849,19,2,1,4,3,3,1,1,3,4,9,1,0,0,0,1,1,1
678,850,18,4,0,5,2,2,1,1,3,1,12,0,0,1,1,1,0,0
679,851,18,2,1,3,2,4,2,4,4,13,8,0,1,1,0,1,1,0
680,852,18,1,2,3,2,5,2,5,5,4,6,0,1,0,0,0,1,0
681,853,17,3,0,4,3,4,2,5,5,2,17,0,0,0,1,1,1,0
682,854,18,4,0,4,4,4,1,1,4,6,14,0,0,0,1,1,0,0
683,855,17,2,0,4,4,4,4,5,5,16,12,0,1,0,1,1,1,0
684,856,17,2,0,2,1,1,1,1,3,2,11,0,0,0,1,1,0,0
685,857,18,4,0,5,3,3,1,1,1,7,17,0,0,1,0,1,1,0
686,858,16,3,0,3,2,3,1,2,2,10,14,0,0,0,1,1,1,0
687,860,16,3,0,4,3,3,1,3,4,2,11,0,0,0,0,1,1,1
688,862,16,1,0,4,4,4,2,4,5,4,11,1,1,1,0,1,0,0
689,864,17,2,0,5,3,3,1,1,3,0,9,0,0,0,1,1,1,0
690,865,16,2,0,4,3,1,1,1,3,0,13,1,1,0,1,1,0,1
691,869,17,2,0,5,1,3,1,1,5,0,11,1,0,0,0,1,0,0
692,870,16,2,0,3,3,4,1,1,4,0,14,0,0,0,0,1,1,0
693,871,15,2,0,4,1,3,1,3,4,0,11,0,0,1,0,1,1,0
694,872,17,2,0,4,1,4,1,1,1,6,6,0,0,0,0,1,0,0
695,873,17,3,0,3,2,3,1,1,4,2,13,0,0,0,1,1,0,0
696,874,17,2,0,5,3,4,1,3,3,10,15,0,0,0,1,1,1,0
697,875,17,3,0,5,4,4,1,3,4,0,13,0,0,0,1,1,1,0
698,876,15,3,0,4,3,2,1,1,5,2,12,0,0,0,1,1,1,0
699,878,16,2,0,4,3,3,2,3,4,2,13,0,0,1,0,1,1,0
700,879,17,2,0,4,3,2,1,1,5,8,16,0,0,1,1,1,1,1
701,880,17,2,0,4,3,4,1,3,4,0,17,0,0,0,1,1,1,0
702,881,15,3,2,4,2,2,2,2,5,0,0,0,0,0,0,1,1,1
703,882,17,2,0,3,4,5,2,4,1,16,10,0,0,0,0,1,1,1
704,883,16,1,0,3,3,3,1,1,4,2,15,0,1,0,1,1,1,0
705,885,16,2,0,4,2,4,2,4,1,2,13,0,1,0,1,1,1,0
706,886,17,2,0,4,4,4,1,3,1,4,10,0,0,0,0,1,0,0
707,887,17,3,0,5,3,4,1,1,5,0,8,0,0,0,1,1,1,0
708,888,16,2,2,2,5,5,1,1,1,8,7,1,0,0,1,1,0,1
709,889,18,2,0,4,3,2,1,1,3,2,11,0,1,0,0,1,1,0
710,890,17,3,0,4,3,4,2,5,5,0,10,0,0,0,1,1,1,0
711,891,16,3,0,5,4,5,1,1,4,4,16,0,0,1,1,1,1,1
712,892,17,1,1,5,5,4,1,1,5,14,8,0,0,1,0,1,1,0
713,893,15,1,0,5,5,3,1,1,4,6,19,0,1,1,1,1,1,0
714,895,16,2,0,4,5,2,1,2,3,0,10,0,0,1,0,1,1,0
715,896,18,2,0,4,3,4,1,3,5,2,13,0,0,1,0,1,1,1
716,897,15,2,0,4,3,3,2,3,5,6,10,0,1,0,1,1,1,0
717,899,16,2,1,3,3,3,1,2,3,25,11,0,0,1,1,1,1,1
718,900,17,2,0,4,4,4,1,3,5,0,10,0,1,1,1,1,1,0
719,902,15,1,0,5,2,1,1,3,4,0,9,1,0,1,0,0,0,1
720,903,18,3,0,4,3,3,1,2,3,4,10,0,0,0,0,1,1,0
721,904,16,2,0,4,4,4,1,1,3,0,11,0,1,1,0,1,1,0
722,905,18,3,0,4,3,4,1,1,5,9,9,0,0,0,1,1,1,1
723,907,17,2,0,4,3,2,2,3,2,0,15,0,0,0,0,1,1,1
724,909,16,1,0,5,4,5,1,4,2,0,15,1,0,1,1,1,1,0
725,910,18,2,0,5,2,4,1,2,4,2,16,0,1,0,1,1,1,0
726,911,16,1,0,3,3,4,3,5,3,8,10,0,1,1,1,1,1,0
727,912,18,3,0,4,3,3,1,2,3,0,14,0,0,0,0,1,1,0
728,913,18,2,0,4,3,4,2,2,4,8,11,0,0,0,1,1,1,0
729,915,15,1,0,2,2,4,2,4,1,0,11,0,1,0,0,1,1,0
730,916,17,1,0,4,1,4,5,5,3,8,9,1,1,0,1,1,1,0
731,917,16,2,0,5,4,2,1,2,5,6,13,0,1,1,1,1,1,0
732,918,16,1,0,4,3,2,1,4,5,6,10,0,0,0,0,1,0,0
733,919,18,1,0,2,5,5,5,5,5,8,11,1,1,0,0,1,1,0
734,920,15,4,0,3,4,3,1,1,1,0,11,0,1,0,1,1,1,0
735,921,15,2,0,5,4,4,1,1,1,0,16,0,1,0,1,1,1,0
736,922,17,3,0,4,2,2,1,2,3,0,18,0,0,0,0,1,1,0
737,923,17,3,0,4,3,4,1,3,5,2,14,0,0,0,1,1,1,0
738,925,16,1,1,5,3,4,1,1,5,12,11,0,0,0,0,1,0,0
739,926,18,2,0,4,4,5,1,2,2,0,14,0,0,1,0,1,1,1
740,927,19,2,1,4,5,3,1,2,5,0,12,0,1,0,1,1,0,1
741,930,16,1,0,3,3,2,1,3,3,0,8,0,1,0,1,1,0,0
742,931,17,4,0,3,1,2,1,1,3,0,19,0,0,1,0,1,0,0
743,932,18,1,0,3,4,4,2,4,4,10,11,0,1,0,0,0,1,0
744,933,15,1,0,4,3,3,1,3,5,0,12,0,1,1,1,1,1,0
745,934,17,1,0,4,1,2,1,1,5,4,12,1,1,1,0,1,0,1
746,935,16,2,0,4,1,2,2,2,5,0,13,1,1,1,0,1,1,1
747,936,16,2,0,4,3,2,1,3,5,6,8,1,0,1,0,1,1,0
748,937,16,2,1,4,4,2,1,1,3,12,10,0,1,0,1,1,1,0
749,938,17,2,0,2,5,5,1,4,5,8,15,0,1,1,1,1,1,1
750,939,18,1,1,4,1,1,1,1,3,14,7,0,0,0,0,0,1,0
751,941,17,1,1,3,1,2,1,1,1,8,10,0,0,1,0,0,1,0
752,942,16,2,0,4,3,3,1,1,2,6,13,0,0,0,0,1,1,0
753,943,16,2,0,4,5,2,1,2,3,0,11,0,0,1,0,1,1,0
754,944,16,2,0,4,3,4,1,2,3,4,8,1,0,0,0,1,1,1
755,945,19,1,1,4,3,2,1,3,5,0,0,1,1,0,0,1,0,0
756,946,15,1,0,1,3,4,1,1,1,0,9,1,0,1,0,0,0,0
757,949,17,2,0,4,3,2,1,1,4,4,14,0,0,1,1,1,0,0
758,950,19,2,2,5,3,4,1,1,4,2,9,0,0,1,0,1,1,1
759,951,17,2,0,4,4,4,2,3,5,6,12,0,0,1,0,1,1,1
760,952,16,2,1,3,1,2,1,1,5,6,13,0,0,0,1,1,1,0
761,953,16,2,0,4,4,5,1,1,4,0,15,0,0,1,1,1,1,0
762,954,16,2,0,2,4,3,1,2,3,12,5,0,0,0,0,1,1,0
763,955,16,3,0,5,3,5,1,1,3,2,13,0,0,0,0,1,1,0
764,956,17,3,0,3,2,3,1,1,4,4,9,0,0,0,1,1,0,0
765,957,17,2,0,4,2,2,1,1,3,12,9,0,0,0,0,1,0,1
766,958,15,2,0,5,4,2,1,1,5,4,10,0,1,0,1,1,1,1
767,959,16,2,0,4,3,3,2,3,2,0,16,1,0,0,1,1,1,1
768,961,16,2,1,4,5,5,4,4,5,0,1,0,1,0,0,1,1,1
769,963,17,2,0,4,4,4,4,5,5,12,8,0,1,0,1,1,1,0
770,964,16,1,0,1,2,2,1,3,5,6,12,0,0,0,0,1,1,0
771,965,18,2,0,5,4,3,1,1,2,0,17,0,1,1,1,1,1,0
772,966,16,1,0,5,1,3,1,2,5,1,11,1,0,1,0,1,0,0
773,967,16,1,0,4,3,2,1,1,5,4,10,0,0,0,1,1,1,1
774,968,17,1,0,5,2,1,1,2,3,6,11,0,0,1,0,1,0,0
775,971,18,2,0,3,2,4,1,4,2,4,14,1,1,0,1,1,1,0
776,972,18,3,0,5,4,4,1,1,1,0,17,1,0,1,0,1,1,0
777,973,15,4,0,5,4,5,2,3,5,8,14,1,1,1,1,1,0,0
778,974,18,1,0,3,1,3,4,5,4,13,14,0,1,0,0,1,1,0
779,975,19,2,0,4,3,1,1,1,1,12,11,0,1,1,0,1,1,0
780,976,15,2,0,4,3,2,1,1,5,2,11,0,0,0,0,1,1,0
781,978,17,3,0,5,4,4,1,3,4,7,9,0,0,0,1,1,1,0
782,980,18,3,0,4,2,4,1,3,2,0,15,0,1,0,1,1,1,0
783,981,15,3,0,4,2,2,2,2,5,0,12,0,0,0,0,1,1,1
784,983,17,1,0,5,2,3,1,2,5,4,14,0,1,0,0,1,1,0
785,984,17,2,2,3,4,5,2,4,1,22,4,0,0,0,0,1,1,1
786,985,18,2,0,4,3,3,1,3,5,6,17,0,1,1,1,1,1,1
787,986,17,2,0,4,5,2,1,1,1,0,13,0,1,0,1,1,1,0
788,987,15,3,0,4,3,2,1,1,5,2,8,0,0,0,1,1,1,0
789,988,17,1,0,4,4,2,2,4,5,0,13,0,1,0,0,1,1,0
790,989,17,2,0,5,3,3,1,3,3,2,12,0,1,1,0,1,1,0
791,991,19,1,3,3,2,1,1,1,3,4,9,1,1,0,1,1,0,0
792,992,18,3,0,4,2,4,1,3,2,6,14,0,1,0,1,1,1,0
793,993,17,2,0,4,4,4,1,2,5,10,18,0,1,1,0,1,1,0
794,994,19,3,1,4,3,1,1,1,5,0,11,0,1,1,1,1,1,1
795,996,16,1,0,4,2,5,1,5,5,8,13,1,1,1,1,1,1,0
796,997,17,2,0,5,4,4,3,4,5,0,14,0,1,0,1,1,1,1
797,998,15,4,0,5,5,4,1,2,5,6,13,0,1,0,1,1,1,0
798,999,19,2,1,1,1,4,4,1,1,12,9,1,0,0,0,1,1,1
799,1000,16,1,0,3,1,3,1,3,5,6,12,0,1,1,1,1,1,0
